{"stats":{"minecraft:custom":{"minecraft:jump":21,"minecraft:time_since_rest":2257,"minecraft:leave_game":2,"minecraft:play_time":2257,"minecraft:sprint_one_cm":3618,"minecraft:time_since_death":2257,"minecraft:walk_one_cm":2114,"minecraft:total_world_time":2257,"minecraft:fall_one_cm":209,"minecraft:fly_one_cm":3063},"minecraft:mined":{"minecraft:red_tulip":1,"minecraft:oak_log":2,"minecraft:white_tulip":6,"minecraft:orange_tulip":1,"minecraft:oak_leaves":4},"minecraft:used":{"minecraft:orange_tulip":1,"minecraft:white_tulip":1},"minecraft:picked_up":{"minecraft:white_tulip":1,"minecraft:oak_log":2,"minecraft:orange_tulip":1}},"DataVersion":3465}