{"stats":{"minecraft:used":{"minecraft:netherite_chestplate":1,"minecraft:diamond_chestplate":1,"minecraft:zombie_spawn_egg":1},"minecraft:custom":{"minecraft:jump":30,"minecraft:time_since_rest":14154,"minecraft:damage_taken":201,"minecraft:leave_game":2,"minecraft:play_time":14154,"minecraft:time_since_death":14154,"minecraft:walk_on_water_one_cm":3216,"minecraft:walk_one_cm":11033,"minecraft:sneak_time":32,"minecraft:total_world_time":14154,"minecraft:climb_one_cm":392,"minecraft:walk_under_water_one_cm":4456,"minecraft:drop":2,"minecraft:fly_one_cm":40},"minecraft:mined":{"minecraft:oak_leaves":4},"minecraft:dropped":{"minecraft:diamond_chestplate":1,"minecraft:netherite_chestplate":1}},"DataVersion":3465}