{"stats":{"minecraft:dropped":{"minecraft:diamond_chestplate":1,"minecraft:netherite_chestplate":1},"minecraft:used":{"minecraft:netherite_chestplate":1,"minecraft:diamond_chestplate":1,"minecraft:zombie_spawn_egg":1},"minecraft:mined":{"minecraft:oak_leaves":4},"minecraft:custom":{"minecraft:jump":49,"minecraft:time_since_rest":30299,"minecraft:sprint_one_cm":1006,"minecraft:damage_dealt":55,"minecraft:damage_taken":201,"minecraft:leave_game":3,"minecraft:play_time":30299,"minecraft:time_since_death":30299,"minecraft:walk_on_water_one_cm":3216,"minecraft:walk_one_cm":15805,"minecraft:sneak_time":32,"minecraft:total_world_time":30299,"minecraft:climb_one_cm":392,"minecraft:walk_under_water_one_cm":4456,"minecraft:drop":2,"minecraft:fly_one_cm":10638}},"DataVersion":3465}