{"stats":{"minecraft:dropped":{"minecraft:wheat_seeds":1},"minecraft:custom":{"minecraft:jump":61,"minecraft:leave_game":3,"minecraft:play_time":7965,"minecraft:sprint_one_cm":5543,"minecraft:damage_taken":20,"minecraft:time_since_death":7965,"minecraft:walk_one_cm":1611,"minecraft:total_world_time":7965,"minecraft:fall_one_cm":1089,"minecraft:drop":1,"minecraft:fly_one_cm":149450,"minecraft:time_since_rest":7965},"minecraft:picked_up":{"minecraft:birch_log":2,"minecraft:wheat_seeds":1},"minecraft:used":{"minecraft:birch_log":2},"minecraft:mined":{"minecraft:birch_log":2,"minecraft:birch_leaves":2}},"DataVersion":3465}