{"stats":{"minecraft:custom":{"minecraft:jump":40,"minecraft:time_since_rest":6504,"minecraft:leave_game":2,"minecraft:play_time":6504,"minecraft:sprint_one_cm":3966,"minecraft:damage_taken":20,"minecraft:time_since_death":6504,"minecraft:walk_one_cm":1321,"minecraft:total_world_time":6504,"minecraft:fall_one_cm":1089,"minecraft:drop":1,"minecraft:fly_one_cm":90810},"minecraft:mined":{"minecraft:birch_log":2,"minecraft:birch_leaves":2},"minecraft:picked_up":{"minecraft:wheat_seeds":1,"minecraft:birch_log":2},"minecraft:dropped":{"minecraft:wheat_seeds":1},"minecraft:used":{"minecraft:birch_log":2}},"DataVersion":3465}