{
  "minecraft:recipes/decorations/crafting_table": {
    "criteria": {
      "unlock_right_away": "2024-06-07 15:16:43 +0000"
    },
    "done": true
  },
  "minecraft:adventure/adventuring_time": {
    "criteria": {
      "minecraft:sunflower_plains": "2024-06-07 15:18:16 +0000",
      "minecraft:river": "2024-06-07 15:18:08 +0000",
      "minecraft:flower_forest": "2024-06-07 15:16:45 +0000",
      "minecraft:plains": "2024-06-07 15:18:09 +0000"
    },
    "done": false
  },
  "DataVersion": 3465
}